[{"type":"wrapper","sort_order":"1","specific_class":"parallax-box-1","id_unique":"it_QOCQWLMWHQIX","child":[{"type":"row","sort_order":"1","specific_class":"","id_unique":"it_CASZINBPKEAF","child":[{"type":"col","sort_order":"1","specific_class":"container","col_xs":"col-xs-12","col_sm":"","col_md":"","col_lg":"","id_unique":"it_MEKMHMPBQDWV","child":[{"type":"module","sort_order":"1","module_name":"themeconfigurator","id_unique":"it_EZDLMZFZRJAX","child":false}]}]}]},{"type":"wrapper","sort_order":"2","specific_class":"","id_unique":"it_WSZEAMICCDQE","child":[{"type":"row","sort_order":"1","specific_class":"full-width","id_unique":"it_XABPLTZITKHO","child":[{"type":"col","sort_order":"1","specific_class":"container","col_xs":"col-xs-12","col_sm":"","col_md":"","col_lg":"","id_unique":"it_MYDZOWWEWFDG","child":[{"type":"row","sort_order":"1","specific_class":"","id_unique":"it_YELMHJGLDMBI","child":[{"type":"col","sort_order":"1","specific_class":"second_home","col_xs":"col-xs-12","col_sm":"","col_md":"","col_lg":"","id_unique":"it_IZEJKBTRTUFS","child":[{"type":"module","sort_order":"1","module_name":"tmcategoryproducts","id_unique":"it_XTGVFPFOIVIH","child":false}]}]}]}]}]}]