[{"type":"wrapper","sort_order":"1","specific_class":"footer-1","id_unique":"it_JADNISTKBNNA","child":[{"type":"row","sort_order":"1","specific_class":"full-width","id_unique":"it_ZIWFFSDESZUD","child":[{"type":"col","sort_order":"1","specific_class":"container","col_xs":"col-xs-12","col_sm":"","col_md":"","col_lg":"","id_unique":"it_OTDNUESIOQFX","child":[{"type":"row","sort_order":"1","specific_class":"","id_unique":"it_TMLVSLJZPFCD","child":[{"type":"col","sort_order":"1","specific_class":"","col_xs":"col-xs-12","col_sm":"col-sm-8","col_md":"","col_lg":"","id_unique":"it_YDIZQZQNWRBK","child":[{"type":"module","sort_order":"1","module_name":"themeconfigurator","id_unique":"it_HUJTGBDDIXTX","child":false}]},{"type":"col","sort_order":"2","specific_class":"","col_xs":"col-xs-12","col_sm":"col-sm-4","col_md":"","col_lg":"","id_unique":"it_PJDXUTGNSNJE","child":[{"type":"module","sort_order":"1","module_name":"blocknewsletter","id_unique":"it_XTZFWHXFGBBQ","child":false}]}]}]}]}]},{"type":"wrapper","sort_order":"2","specific_class":"","id_unique":"it_YEWVYNBVYLBM","child":[{"type":"row","sort_order":"1","specific_class":"full-width","id_unique":"it_KSMNOOTVQKYH","child":[{"type":"col","sort_order":"1","specific_class":"container cms-info","col_xs":"col-xs-12","col_sm":"","col_md":"","col_lg":"","id_unique":"it_DZDNDVWOMRPR","child":[{"type":"row","sort_order":"1","specific_class":"","id_unique":"it_WZIBFUDLWJVN","child":[{"type":"col","sort_order":"1","specific_class":"cms-info","col_xs":"col-xs-12","col_sm":"col-sm-4","col_md":"col-md-4","col_lg":"","id_unique":"it_YTSDYTDROFCP","child":[{"type":"module","sort_order":"1","module_name":"blockcms","id_unique":"it_FQTOPCNXBXCV","child":false}]},{"type":"col","sort_order":"2","specific_class":"","col_xs":"col-xs-12","col_sm":"col-sm-4","col_md":"","col_lg":"","id_unique":"it_CGFNKPAEBTMT","child":[{"type":"module","sort_order":"1","module_name":"blockmyaccountfooter","id_unique":"it_SELKGIKWMMRA","child":false}]},{"type":"col","sort_order":"3","specific_class":"","col_xs":"col-xs-12","col_sm":"col-sm-4","col_md":"col-md-4","col_lg":"","id_unique":"it_PVMULUPUDNYH","child":[{"type":"module","sort_order":"1","module_name":"blockcontactinfos","id_unique":"it_TXFUHESTJJFS","child":false},{"type":"module","sort_order":"2","module_name":"blocksocial","id_unique":"it_SVLFHVAQTIDP","child":false}]}]}]}]}]},{"type":"wrapper","sort_order":"3","specific_class":"","id_unique":"it_BBNZRPDZHJXZ","child":[{"type":"row","sort_order":"1","specific_class":"","id_unique":"it_RTICFYJVLNIL","child":[{"type":"col","sort_order":"1","specific_class":"footer_hidden","col_xs":"col-xs-12","col_sm":"","col_md":"","col_lg":"","id_unique":"it_LNTHOJLQFGRA","child":[{"type":"module","sort_order":"1","module_name":"blocklayered","id_unique":"it_KOCXHBLMOOGG","child":false},{"type":"module","sort_order":"2","module_name":"statsdata","id_unique":"it_LBQRPOZTNAHC","child":false},{"type":"module","sort_order":"3","module_name":"tmnewsletter","id_unique":"it_OWDYVYDAJLXC","child":false},{"type":"module","sort_order":"4","module_name":"tmolarkchat","id_unique":"it_NTXCMCTZNXBP","child":false}]}]}]}]